Park Name,1979 Recreational Visits,1979 Average Recreational Visits,1979 Non-Recreational Visits,1979 Average Non-Recreational Visits,1979 Recreational Hours,1979 Average Recreational Hours,1979 Non-Recreational Hours,1979 Average Non-Recreational Hours,1979 Concessioner Lodging,1979 Average Concessioner Lodging,1979 Concessioner Camping,1979 Average Concessioner Camping,1979 Tent Overnights,1979 Average Tent Overnights,1979 RV Overnights,1979 Average RV Overnights,1979 Backcountry Overnights,1979 Average Backcountry Overnights,1979 Non-recreational Overnights,1979 Average Non-recreational Overnights,1979 Miscellaneous Overnights,1979 Average Miscellaneous Overnights
Abraham Lincoln Birthplace NHP,"271,231","271,231",0,0,"271,231","271,231",0,0,0,0,0,0,0,0,0,0,0,0,0,0,0,0
Acadia NP,"2,787,366","2,787,366","395,913","395,913","17,155,530","17,155,530","198,056","198,056",0,0,0,0,"139,708","139,708","74,279","74,279",0,0,0,0,0,0
Adams NHP,"34,322","34,322","12,200","12,200","25,739","25,739","22,500","22,500",0,0,0,0,0,0,0,0,0,0,0,0,0,0
Agate Fossil Beds NM,"8,115","8,115",31,31,"8,532","8,532",46,46,0,0,0,0,0,0,0,0,0,0,0,0,0,0
Alibates Flint Quarries NM,"1,922","1,922",0,0,"4,805","4,805",0,0,0,0,0,0,0,0,0,0,0,0,0,0,0,0
Allegheny Portage Railroad NHS,"58,225","58,225",500,500,"48,338","48,338",500,500,0,0,0,0,33,33,0,0,0,0,0,0,0,0
Amistad NRA,"1,261,846","1,261,846","28,510","28,510","8,474,821","8,474,821","28,510","28,510",0,0,0,0,"23,968","23,968","50,588","50,588","17,757","17,757",0,0,0,0
Andersonville NHS,"151,123","151,123",0,0,"302,246","302,246",0,0,0,0,0,0,0,0,0,0,0,0,0,0,0,0
Andrew Johnson NHS,"47,674","47,674",0,0,"20,417","20,417",0,0,0,0,0,0,0,0,0,0,0,0,0,0,0,0
Antietam NB,"319,610","319,610",0,0,"659,008","659,008",0,0,0,0,0,0,0,0,0,0,0,0,0,0,"1,649","1,649"
Apostle Islands NL,"75,629","75,629",951,951,"456,846","456,846",237,237,0,0,0,0,"3,312","3,312",0,0,"1,093","1,093",0,0,"9,207","9,207"
Appomattox Court House NHP,"208,411","208,411",0,0,"175,288","175,288",0,0,0,0,0,0,0,0,0,0,0,0,0,0,122,122
Arches NP,"269,840","269,840",0,0,"1,825,420","1,825,420",0,0,0,0,0,0,"18,772","18,772","17,605","17,605","2,332","2,332",0,0,"3,759","3,759"
Arkansas Post NMEM,"61,507","61,507",0,0,"92,261","92,261",0,0,0,0,0,0,0,0,0,0,0,0,0,0,0,0
Arlington House The R.E. Lee MEM,"459,346","459,346",0,0,"229,672","229,672",0,0,0,0,0,0,0,0,0,0,0,0,0,0,0,0
Assateague Island NS,"1,674,861","1,674,861","3,100","3,100","12,503,303","12,503,303","2,350","2,350",0,0,0,0,"24,421","24,421","16,959","16,959","11,506","11,506",0,0,"14,326","14,326"
Aztec Ruins NM,"58,064","58,064",0,0,"87,096","87,096",0,0,0,0,0,0,0,0,0,0,0,0,0,0,0,0
Badlands NP,"858,000","858,000","12,000","12,000","3,487,073","3,487,073","6,080","6,080","3,595","3,595",0,0,"3,786","3,786","3,496","3,496",856,856,11,11,0,0
Bandelier NM,"161,336","161,336",810,810,"1,051,603","1,051,603",207,207,0,0,0,0,"11,121","11,121","6,791","6,791","3,938","3,938",0,0,0,0
Bent's Old Fort NHS,"94,653","94,653","3,125","3,125","122,076","122,076","28,125","28,125",0,0,0,0,0,0,0,0,0,0,0,0,0,0
Big Bend NP,"282,941","282,941","57,748","57,748","8,058,547","8,058,547","346,488","346,488","24,439","24,439","14,589","14,589","38,013","38,013","44,730","44,730","33,927","33,927",0,0,"43,349","43,349"
Big Hole NB,"41,186","41,186",0,0,"81,148","81,148",0,0,0,0,0,0,0,0,0,0,0,0,0,0,0,0
Bighorn Canyon NRA,"297,152","297,152","30,825","30,825","1,717,259","1,717,259","30,825","30,825",0,0,0,0,"2,715","2,715","13,932","13,932",528,528,0,0,"1,492","1,492"
Biscayne NP,"202,938","202,938",0,0,"1,484,660","1,484,660",0,0,0,0,0,0,"2,232","2,232",0,0,0,0,0,0,"53,844","53,844"
Black Canyon of the Gunnison NP,"234,286","234,286",0,0,"728,525","728,525",0,0,0,0,0,0,"11,925","11,925","11,652","11,652","1,404","1,404",0,0,0,0
Blue Ridge PKWY,"11,700,219","11,700,219","3,065,870","3,065,870","100,024,890","100,024,890","1,532,941","1,532,941","64,138","64,138",0,0,"71,698","71,698","112,759","112,759","1,531","1,531",0,0,"4,485","4,485"
Booker T. Washington NM,"25,507","25,507",175,175,"25,832","25,832",44,44,0,0,0,0,0,0,0,0,0,0,0,0,0,0
Boston NHP,"1,777,391","1,777,391","505,119","505,119","888,694","888,694","252,557","252,557",0,0,0,0,0,0,0,0,0,0,0,0,0,0
Bryce Canyon NP,"558,095","558,095",982,982,"4,973,494","4,973,494","25,040","25,040","26,145","26,145",0,0,"47,916","47,916","48,403","48,403",871,871,0,0,"8,794","8,794"
Buck Island Reef NM,"82,390","82,390","10,794","10,794","434,199","434,199","48,573","48,573",0,0,0,0,0,0,0,0,0,0,0,0,"3,046","3,046"
Buffalo NR,"675,832","675,832",0,0,"3,240,352","3,240,352",0,0,"7,343","7,343",0,0,"24,885","24,885","30,564","30,564","6,595","6,595",0,0,"31,828","31,828"
Cabrillo NM,"1,196,447","1,196,447","73,377","73,377","1,705,353","1,705,353","18,346","18,346",0,0,0,0,0,0,0,0,0,0,0,0,0,0
Canaveral NS,"859,943","859,943",0,0,"2,168,669","2,168,669",0,0,0,0,0,0,0,0,0,0,0,0,0,0,0,0
Canyon de Chelly NM,"328,097","328,097","395,463","395,463","2,634,774","2,634,774","364,059","364,059","17,855","17,855",0,0,"13,855","13,855","21,281","21,281",131,131,138,138,"3,285","3,285"
Canyonlands NP,"74,545","74,545",588,588,"1,425,466","1,425,466","2,359","2,359",0,0,0,0,"7,223","7,223","5,213","5,213","39,819","39,819",8,8,"2,374","2,374"
Cape Cod NS,"3,921,968","3,921,968","25,385","25,385","7,765,237","7,765,237","152,310","152,310","8,811","8,811",0,0,0,0,0,0,0,0,0,0,"27,731","27,731"
Cape Hatteras NS,"1,516,879","1,516,879","193,737","193,737","13,091,478","13,091,478","510,221","510,221",0,0,0,0,"145,399","145,399","119,103","119,103",0,0,"4,807","4,807","21,004","21,004"
Cape Lookout NS,"50,106","50,106","4,042","4,042","578,713","578,713","9,039","9,039","10,807","10,807",0,0,0,0,0,0,"3,103","3,103","2,514","2,514","7,411","7,411"
Capitol Reef NP,"288,860","288,860","28,200","28,200","619,611","619,611","3,921","3,921",0,0,0,0,"10,976","10,976","16,501","16,501","2,063","2,063",0,0,"2,023","2,023"
Capulin Volcano NM,"44,297","44,297",0,0,"56,287","56,287",0,0,0,0,0,0,0,0,0,0,0,0,0,0,0,0
Carl Sandburg Home NHS,"34,062","34,062",0,0,"48,763","48,763",0,0,0,0,0,0,0,0,0,0,0,0,0,0,0,0
Carlsbad Caverns NP,"721,647","721,647",0,0,"2,508,256","2,508,256",0,0,0,0,0,0,0,0,0,0,"1,570","1,570",0,0,0,0
Casa Grande Ruins NM,"112,482","112,482","2,118","2,118","95,348","95,348",210,210,0,0,0,0,0,0,0,0,0,0,0,0,0,0
Castillo de San Marcos NM,"650,095","650,095","13,002","13,002","487,571","487,571","3,251","3,251",0,0,0,0,0,0,0,0,0,0,0,0,0,0
Castle Clinton NM,"216,996","216,996","1,011","1,011","108,469","108,469",170,170,0,0,0,0,0,0,0,0,0,0,0,0,0,0
Catoctin Mountain Park,"431,541","431,541","109,715","109,715","1,468,150","1,468,150","27,392","27,392",0,0,0,0,"6,925","6,925","4,593","4,593",190,190,0,0,"42,575","42,575"
Cedar Breaks NM,"362,178","362,178","4,022","4,022","726,336","726,336","8,044","8,044",0,0,0,0,447,447,885,885,0,0,0,0,0,0
Chaco Culture NHP,"48,810","48,810","3,051","3,051","416,380","416,380","1,018","1,018",0,0,0,0,"6,095","6,095","3,328","3,328",0,0,0,0,"1,735","1,735"
Chamizal NMEM,"111,129","111,129","1,056","1,056","242,172","242,172","3,697","3,697",0,0,0,0,0,0,0,0,0,0,0,0,0,0
Channel Islands NP,"82,937","82,937","20,574","20,574","627,362","627,362","251,678","251,678",0,0,0,0,"1,938","1,938",0,0,0,0,"7,560","7,560","8,293","8,293"
Chesapeake & Ohio Canal NHP,"2,832,646","2,832,646","81,614","81,614","10,041,329","10,041,329","39,040","39,040",0,0,0,0,"12,199","12,199","3,011","3,011","47,263","47,263",0,0,0,0
Chickamauga & Chattanooga NMP,"866,933","866,933","12,604,608","12,604,608","582,185","582,185","1,050,384","1,050,384",0,0,0,0,0,0,0,0,0,0,0,0,"1,865","1,865"
Chickasaw NRA,"1,434,484","1,434,484","2,559,581","2,559,581","5,472,855","5,472,855","109,098","109,098",0,0,0,0,"38,556","38,556","37,318","37,318",0,0,0,0,"25,947","25,947"
Chiricahua NM,"49,484","49,484",0,0,"294,595","294,595",0,0,0,0,0,0,"3,667","3,667","8,616","8,616",0,0,0,0,375,375
Christiansted NHS,"90,790","90,790",0,0,"45,141","45,141",0,0,0,0,0,0,0,0,0,0,0,0,0,0,0,0
Clara Barton NHS,"7,520","7,520",0,0,"7,520","7,520",0,0,0,0,0,0,0,0,0,0,0,0,0,0,0,0
Colonial NHP,"7,172,127","7,172,127","3,073,769","3,073,769","10,755,488","10,755,488","1,536,889","1,536,889",0,0,0,0,0,0,0,0,0,0,0,0,0,0
Colorado NM,"290,584","290,584","475,161","475,161","921,224","921,224","240,665","240,665",0,0,0,0,"9,271","9,271","10,495","10,495",89,89,217,217,0,0
Coronado NMEM,"59,751","59,751","1,793","1,793","43,469","43,469",898,898,0,0,0,0,0,0,0,0,0,0,0,0,0,0
Cowpens NB,"78,441","78,441",0,0,"19,610","19,610",0,0,0,0,0,0,0,0,0,0,0,0,0,0,0,0
Crater Lake NP,"410,749","410,749","35,648","35,648","2,640,954","2,640,954","17,828","17,828","18,097","18,097",0,0,"8,320","8,320","34,677","34,677","2,692","2,692",0,0,0,0
Craters of the Moon NM & PRES,"220,698","220,698",0,0,"565,109","565,109",0,0,0,0,0,0,"3,909","3,909","9,177","9,177",252,252,0,0,361,361
Cumberland Gap NHP,"452,889","452,889","1,185","1,185","577,256","577,256",945,945,0,0,0,0,"4,604","4,604","6,008","6,008","2,322","2,322",0,0,"2,300","2,300"
Cumberland Island NS,"35,811","35,811",0,0,"214,866","214,866",0,0,0,0,0,0,"10,061","10,061",0,0,0,0,0,0,"7,165","7,165"
Curecanti NRA,"809,007","809,007",0,0,"2,726,871","2,726,871",0,0,0,0,0,0,"10,570","10,570","87,037","87,037",356,356,0,0,0,0
Cuyahoga Valley NP,"543,025","543,025",0,0,"1,358,450","1,358,450",0,0,0,0,0,0,0,0,0,0,0,0,0,0,0,0
De Soto NMEM,"179,738","179,738",0,0,"298,711","298,711",0,0,0,0,0,0,0,0,0,0,0,0,0,0,0,0
Death Valley NP,"631,152","631,152","26,297","26,297","7,652,286","7,652,286","39,245","39,245","25,906","25,906","4,431","4,431","63,050","63,050","231,902","231,902",636,636,0,0,"6,263","6,263"
Delaware Water Gap NRA,"2,002,543","2,002,543",0,0,"8,570,369","8,570,369",0,0,472,472,0,0,0,0,0,0,"39,815","39,815",0,0,"28,810","28,810"
Denali NP & PRES,"251,105","251,105","287,291","287,291","1,857,616","1,857,616","43,094","43,094","33,054","33,054",0,0,"38,663","38,663","41,442","41,442","29,531","29,531",0,0,"3,345","3,345"
Devils Postpile NM,"81,323","81,323",0,0,"521,798","521,798",0,0,0,0,0,0,980,980,654,654,"1,426","1,426",0,0,0,0
Devils Tower NM,"226,091","226,091","1,469","1,469","518,898","518,898",734,734,0,0,0,0,"10,107","10,107","9,256","9,256",0,0,0,0,0,0
Dinosaur NM,"295,837","295,837","15,968","15,968","1,593,434","1,593,434","41,884","41,884",0,0,0,0,"15,250","15,250","17,416","17,416","25,411","25,411",0,0,997,997
Dry Tortugas NP,"9,076","9,076","10,595","10,595","229,902","229,902","247,848","247,848",0,0,0,0,"2,108","2,108",0,0,0,0,"10,912","10,912","11,181","11,181"
Effigy Mounds NM,"59,064","59,064",0,0,"89,015","89,015",0,0,0,0,0,0,0,0,0,0,0,0,0,0,0,0
El Morro NM,"29,635","29,635","2,540","2,540","69,604","69,604",420,420,0,0,0,0,965,965,"1,208","1,208",0,0,0,0,153,153
Everglades NP,"718,102","718,102","120,511","120,511","5,377,623","5,377,623","482,044","482,044","43,141","43,141",0,0,"28,775","28,775","72,065","72,065","17,909","17,909",0,0,"3,978","3,978"
Federal Hall NMEM,"83,680","83,680","2,880","2,880","41,843","41,843",480,480,0,0,0,0,0,0,0,0,0,0,0,0,0,0
Fire Island NS,"465,268","465,268","205,380","205,380","2,413,930","2,413,930","616,140","616,140",0,0,0,0,"12,654","12,654",0,0,0,0,0,0,"50,691","50,691"
Florissant Fossil Beds NM,"46,919","46,919",0,0,"32,643","32,643",0,0,0,0,0,0,0,0,0,0,0,0,0,0,0,0
Ford's Theatre NHS,"518,345","518,345",300,300,"489,189","489,189",600,600,0,0,0,0,0,0,0,0,0,0,0,0,0,0
Fort Bowie NHS,"5,827","5,827",66,66,"12,070","12,070",132,132,0,0,0,0,0,0,0,0,0,0,0,0,0,0
Fort Caroline NMEM,"169,209","169,209",0,0,"169,209","169,209",0,0,0,0,0,0,0,0,0,0,0,0,0,0,0,0
Fort Davis NHS,"72,465","72,465",297,297,"76,095","76,095",249,249,0,0,0,0,0,0,0,0,0,0,0,0,0,0
Fort Donelson NB,"317,415","317,415","755,543","755,543","203,454","203,454","11,684","11,684",0,0,0,0,0,0,0,0,0,0,0,0,52,52
Fort Frederica NM,"392,405","392,405",540,540,"385,705","385,705",132,132,0,0,0,0,0,0,0,0,0,0,0,0,0,0
Fort Laramie NHS,"106,583","106,583",365,365,"160,316","160,316",544,544,0,0,0,0,0,0,0,0,0,0,0,0,0,0
Fort Larned NHS,"22,908","22,908",0,0,"45,816","45,816",0,0,0,0,0,0,0,0,0,0,0,0,0,0,0,0
Fort Matanzas NM,"251,507","251,507",0,0,"241,600","241,600",0,0,0,0,0,0,0,0,0,0,0,0,0,0,0,0
Fort McHenry NM & HS,"543,543","543,543",720,720,"815,318","815,318",360,360,0,0,0,0,0,0,0,0,0,0,0,0,0,0
Fort Necessity NB,"108,058","108,058",120,120,"150,842","150,842",48,48,0,0,0,0,0,0,0,0,0,0,0,0,303,303
Fort Point NHS,"872,177","872,177",0,0,"661,021","661,021",0,0,0,0,0,0,0,0,0,0,0,0,0,0,"1,018","1,018"
Fort Pulaski NM,"276,608","276,608","7,100","7,100","700,252","700,252","66,200","66,200",0,0,0,0,0,0,0,0,0,0,0,0,0,0
Fort Raleigh NHS,"305,153","305,153","3,600","3,600","469,836","469,836","3,600","3,600",0,0,0,0,0,0,0,0,0,0,0,0,0,0
Fort Scott NHS,"12,008","12,008",572,572,"9,005","9,005",187,187,0,0,0,0,0,0,0,0,0,0,0,0,0,0
Fort Smith NHS,"90,584","90,584",0,0,"52,838","52,838",0,0,0,0,0,0,0,0,0,0,0,0,0,0,0,0
Fort Stanwix NM,"68,288","68,288",0,0,"97,984","97,984",0,0,0,0,0,0,0,0,0,0,0,0,0,0,0,0
Fort Sumter and Fort Moultrie NHP,"185,582","185,582",0,0,"226,442","226,442",0,0,0,0,0,0,0,0,0,0,0,0,0,0,0,0
Fort Union NM,"10,435","10,435",0,0,"12,313","12,313",0,0,0,0,0,0,0,0,0,0,0,0,0,0,0,0
Fort Union Trading Post NHS,"6,368","6,368",118,118,"3,182","3,182",56,56,0,0,0,0,0,0,0,0,0,0,0,0,0,0
Fort Vancouver NHS,"156,749","156,749","46,934","46,934","123,765","123,765","2,346","2,346",0,0,0,0,0,0,0,0,0,0,0,0,0,0
Fort Washington Park,"496,921","496,921",0,0,"1,987,684","1,987,684",0,0,0,0,0,0,0,0,0,0,0,0,0,0,287,287
Fossil Butte NM,"13,669","13,669",401,401,"15,258","15,258",360,360,0,0,0,0,0,0,0,0,0,0,0,0,0,0
Frederick Douglass NHS,"34,137","34,137",0,0,"34,137","34,137",0,0,0,0,0,0,0,0,0,0,0,0,0,0,0,0
Fredericksburg & Spotsylvania NMP,"1,010,717","1,010,717","99,788","99,788","486,081","486,081","47,787","47,787",0,0,0,0,0,0,0,0,0,0,0,0,0,0
Gateway Arch NP,"1,859,431","1,859,431","39,048","39,048","1,989,885","1,989,885","6,507","6,507",0,0,0,0,0,0,0,0,0,0,0,0,1,1
Gateway NRA,"8,773,128","8,773,128","322,526","322,526","33,520,216","33,520,216","76,603","76,603",0,0,0,0,0,0,0,0,0,0,0,0,"12,840","12,840"
General Grant NMEM,"35,117","35,117",240,240,"35,117","35,117",240,240,0,0,0,0,0,0,0,0,0,0,0,0,0,0
George Rogers Clark NHP,"78,748","78,748",222,222,"104,994","104,994",278,278,0,0,0,0,0,0,0,0,0,0,0,0,0,0
George Washington Birthplace NM,"122,579","122,579","4,230","4,230","245,108","245,108","4,230","4,230",0,0,0,0,0,0,0,0,0,0,0,0,0,0
George Washington Carver NM,"49,112","49,112",0,0,"63,846","63,846",0,0,0,0,0,0,0,0,0,0,0,0,0,0,0,0
George Washington MEM PKWY,"4,677,978","4,677,978",0,0,"3,818,894","3,818,894",0,0,0,0,0,0,0,0,0,0,0,0,0,0,0,0
Gettysburg NMP,"994,035","994,035","74,400","74,400","2,674,196","2,674,196","12,397","12,397",0,0,0,0,0,0,0,0,0,0,0,0,"5,829","5,829"
Gila Cliff Dwellings NM,"31,933","31,933",0,0,"31,933","31,933",0,0,0,0,0,0,0,0,0,0,0,0,0,0,0,0
Glacier Bay NP & PRES,"91,032","91,032","31,585","31,585","1,494,311","1,494,311","644,670","644,670","11,737","11,737",0,0,"1,399","1,399",0,0,"3,028","3,028","13,134","13,134","13,050","13,050"
Glacier NP,"1,446,086","1,446,086",150,150,"39,009,815","39,009,815",600,600,"93,386","93,386",0,0,"92,000","92,000","134,647","134,647","25,439","25,439",0,0,0,0
Glen Canyon NRA,"1,655,995","1,655,995","77,287","77,287","24,776,702","24,776,702","474,244","474,244","110,109","110,109","58,004","58,004","45,325","45,325","289,069","289,069","725,302","725,302","13,738","13,738","8,754","8,754"
Golden Gate NRA,"11,321,127","11,321,127",0,0,"31,805,491","31,805,491",0,0,0,0,0,0,0,0,0,0,0,0,0,0,"5,177","5,177"
Golden Spike NHP,"46,657","46,657","26,639","26,639","99,564","99,564","13,322","13,322",0,0,0,0,0,0,0,0,0,0,0,0,0,0
Grand Canyon NP,"2,131,716","2,131,716","178,618","178,618","31,641,767","31,641,767","6,011,573","6,011,573","439,933","439,933","34,883","34,883","111,022","111,022","35,752","35,752","120,472","120,472","22,080","22,080",0,0
Grand Portage NM,"36,931","36,931",0,0,"37,459","37,459",0,0,0,0,0,0,0,0,0,0,386,386,10,10,0,0
Grand Teton NP,"2,446,171","2,446,171","1,020,179","1,020,179","17,871,570","17,871,570","2,036,358","2,036,358","184,331","184,331","55,227","55,227","122,465","122,465","117,590","117,590","24,558","24,558",0,0,"28,110","28,110"
Grant-Kohrs Ranch NHS,"21,325","21,325",0,0,"26,229","26,229",0,0,0,0,0,0,0,0,0,0,0,0,0,0,0,0
Great Basin NP,"29,947","29,947",600,600,"64,807","64,807",300,300,0,0,0,0,0,0,0,0,0,0,0,0,0,0
Great Sand Dunes NP & PRES,"162,546","162,546",201,201,"674,266","674,266",452,452,0,0,0,0,"17,194","17,194","14,915","14,915",387,387,0,0,"4,924","4,924"
Great Smoky Mountains NP,"8,019,788","8,019,788","3,167,151","3,167,151","57,739,316","57,739,316","791,789","791,789","7,532","7,532",0,0,"213,565","213,565","215,495","215,495","80,970","80,970",0,0,"28,485","28,485"
Greenbelt Park,"250,595","250,595","14,187","14,187","1,708,246","1,708,246","3,300","3,300",0,0,0,0,"15,342","15,342","34,074","34,074",0,0,0,0,"1,456","1,456"
Guadalupe Mountains NP,"110,478","110,478",0,0,"404,570","404,570",0,0,0,0,0,0,"8,435","8,435","8,366","8,366","3,090","3,090",0,0,0,0
Guilford Courthouse NMP,"161,485","161,485","652,968","652,968","100,985","100,985","5,439","5,439",0,0,0,0,0,0,0,0,0,0,0,0,77,77
Gulf Islands NS,"2,965,041","2,965,041","17,250","17,250","15,799,017","15,799,017","17,250","17,250",0,0,0,0,"37,563","37,563","90,103","90,103",0,0,0,0,"12,542","12,542"
Haleakala NP,"673,955","673,955","12,502","12,502","1,582,902","1,582,902","12,502","12,502",0,0,0,0,"9,755","9,755","3,251","3,251","5,163","5,163",0,0,"3,863","3,863"
Hamilton Grange NMEM,371,371,36,36,371,371,36,36,0,0,0,0,0,0,0,0,0,0,0,0,0,0
Hampton NHS,"33,332","33,332",400,400,"52,470","52,470","1,600","1,600",0,0,0,0,0,0,0,0,0,0,0,0,0,0
Harpers Ferry NHP,"437,448","437,448","127,611","127,611","1,749,789","1,749,789","31,904","31,904",0,0,0,0,0,0,0,0,0,0,0,0,0,0
Hawaii Volcanoes NP,"1,632,589","1,632,589","633,829","633,829","9,001,804","9,001,804","211,045","211,045","31,909","31,909",0,0,"4,282","4,282","1,618","1,618","7,010","7,010",0,0,"35,938","35,938"
Herbert Hoover NHS,"205,028","205,028","18,000","18,000","205,028","205,028","1,200","1,200",0,0,0,0,0,0,0,0,0,0,0,0,0,0
Home of Franklin D. Roosevelt NHS,"266,809","266,809",0,0,"441,609","441,609",0,0,0,0,0,0,0,0,0,0,0,0,0,0,0,0
Homestead NM of America,"18,084","18,084",0,0,"20,968","20,968",0,0,0,0,0,0,0,0,0,0,0,0,0,0,0,0
Hopewell Culture NHP,"51,514","51,514",401,401,"37,847","37,847",444,444,0,0,0,0,0,0,0,0,0,0,0,0,51,51
Hopewell Furnace NHS,"133,450","133,450","1,339","1,339","160,139","160,139","1,603","1,603",0,0,0,0,0,0,0,0,0,0,0,0,0,0
Horseshoe Bend NMP,"50,566","50,566","359,125","359,125","111,064","111,064","17,958","17,958",0,0,0,0,0,0,0,0,0,0,0,0,0,0
Hot Springs NP,"1,118,800","1,118,800","4,030,074","4,030,074","1,049,896","1,049,896","403,007","403,007",0,0,0,0,"1,606","1,606","7,431","7,431",0,0,0,0,0,0
Hovenweep NM,"14,815","14,815",191,191,"73,384","73,384",782,782,0,0,0,0,"1,191","1,191","2,086","2,086",0,0,52,52,0,0
Hubbell Trading Post NHS,"36,344","36,344","37,117","37,117","72,688","72,688","74,234","74,234",0,0,0,0,0,0,0,0,0,0,0,0,0,0
Independence NHP,"2,002,333","2,002,333","2,120,470","2,120,470","2,120,799","2,120,799","141,331","141,331",0,0,0,0,0,0,0,0,0,0,0,0,0,0
Indiana Dunes NP,"1,606,166","1,606,166","410,625","410,625","4,156,638","4,156,638","7,391,250","7,391,250",0,0,0,0,0,0,0,0,0,0,"410,625","410,625",0,0
Isle Royale NP,"14,782","14,782",28,28,"1,597,685","1,597,685","13,494","13,494","9,657","9,657",333,333,"27,140","27,140",0,0,"21,144","21,144",630,630,"5,736","5,736"
Jean Lafitte NHP & PRES,"193,121","193,121","9,600","9,600","191,115","191,115",804,804,0,0,0,0,0,0,0,0,0,0,0,0,0,0
Jewel Cave NM,"76,921","76,921",369,369,"125,059","125,059",369,369,0,0,0,0,0,0,0,0,0,0,0,0,0,0
"John D. Rockefeller, Jr. MEM PKWY","1,356,044","1,356,044",0,0,"2,127,512","2,127,512",0,0,"21,259","21,259","34,850","34,850","2,938","2,938","3,623","3,623",300,300,0,0,"5,618","5,618"
John Day Fossil Beds NM,"90,547","90,547",0,0,"55,126","55,126",0,0,0,0,0,0,107,107,787,787,0,0,0,0,0,0
John F. Kennedy NHS,"19,308","19,308",0,0,"6,434","6,434",0,0,0,0,0,0,0,0,0,0,0,0,0,0,0,0
John Muir NHS,"24,911","24,911","1,448","1,448","52,835","52,835",646,646,0,0,0,0,0,0,0,0,0,0,0,0,425,425
Johnstown Flood NMEM,"42,201","42,201",331,331,"30,340","30,340",331,331,0,0,0,0,0,0,0,0,0,0,0,0,0,0
Joshua Tree NP,"590,543","590,543","2,439","2,439","8,739,111","8,739,111","8,853","8,853",0,0,0,0,"51,000","51,000","76,812","76,812","1,623","1,623",0,0,"35,068","35,068"
Katmai NP & PRES,"10,659","10,659",47,47,"240,193","240,193","3,216","3,216","3,377","3,377",0,0,"2,746","2,746",0,0,"1,703","1,703",139,139,303,303
Kennesaw Mountain NBP,"876,352","876,352","5,748,000","5,748,000","2,119,274","2,119,274","287,940","287,940",0,0,0,0,0,0,0,0,0,0,0,0,"4,149","4,149"
Kings Canyon NP,"804,175","804,175","5,117","5,117","27,224,758","27,224,758","20,468","20,468","20,301","20,301",0,0,"85,137","85,137","83,371","83,371","98,697","98,697",0,0,0,0
Kings Mountain NMP,"212,876","212,876","212,876","212,876","177,643","177,643","45,942","45,942",0,0,0,0,0,0,0,0,0,0,0,0,0,0
Klondike Gold Rush NHP Seattle,"37,595","37,595",0,0,"18,798","18,798",0,0,0,0,0,0,0,0,0,0,0,0,0,0,0,0
Lake Mead NRA,"6,155,100","6,155,100","223,240","223,240","63,380,172","63,380,172","1,339,440","1,339,440","72,154","72,154","452,176","452,176","114,512","114,512","356,516","356,516","372,770","372,770",0,0,"75,398","75,398"
Lake Meredith NRA,"1,849,425","1,849,425",0,0,"5,524,272","5,524,272",0,0,0,0,0,0,0,0,0,0,438,438,0,0,"105,445","105,445"
Lake Roosevelt NRA,"794,710","794,710","4,344","4,344","3,796,370","3,796,370","2,171","2,171",0,0,0,0,"29,204","29,204","88,645","88,645",0,0,0,0,"22,382","22,382"
Lassen Volcanic NP,"380,014","380,014",0,0,"4,957,876","4,957,876",0,0,"3,495","3,495",0,0,"39,225","39,225","32,202","32,202","11,462","11,462",0,0,"4,755","4,755"
Lava Beds NM,"96,565","96,565","40,231","40,231","281,178","281,178","22,160","22,160",0,0,0,0,"5,025","5,025","3,048","3,048",38,38,0,0,0,0
Lewis & Clark NHP,"93,453","93,453",0,0,"70,092","70,092",0,0,0,0,0,0,0,0,0,0,0,0,0,0,0,0
Lincoln Boyhood NMEM,"237,793","237,793","7,580","7,580","267,453","267,453","1,107","1,107",0,0,0,0,0,0,0,0,0,0,0,0,0,0
Lincoln Home NHS,"403,236","403,236",0,0,"403,236","403,236",0,0,0,0,0,0,0,0,0,0,0,0,0,0,0,0
Lincoln Memorial,"3,352,343","3,352,343",0,0,"558,724","558,724",0,0,0,0,0,0,0,0,0,0,0,0,0,0,0,0
Little Bighorn Battlefield NM,"203,795","203,795","2,059","2,059","203,416","203,416","1,032","1,032",0,0,0,0,0,0,0,0,0,0,0,0,0,0
Longfellow House Washington's HQ NHS,"17,739","17,739",0,0,"8,868","8,868",0,0,0,0,0,0,0,0,0,0,0,0,0,0,0,0
Lowell NHP,"92,839","92,839",0,0,"205,454","205,454",0,0,0,0,0,0,0,0,0,0,0,0,0,0,0,0
Lyndon B. Johnson NHP,"295,303","295,303",0,0,"400,139","400,139",0,0,0,0,0,0,0,0,0,0,0,0,0,0,0,0
Mammoth Cave NP,"1,384,910","1,384,910","173,088","173,088","2,960,039","2,960,039","86,544","86,544","36,618","36,618",0,0,"28,032","28,032","19,900","19,900","2,491","2,491",0,0,"2,042","2,042"
Manassas NBP,"778,444","778,444",0,0,"583,834","583,834",0,0,0,0,0,0,0,0,0,0,0,0,0,0,0,0
Mesa Verde NP,"473,715","473,715",762,762,"6,040,057","6,040,057","4,572","4,572","30,441","30,441",0,0,"59,280","59,280","58,440","58,440",0,0,0,0,"6,817","6,817"
Minute Man NHP,"956,954","956,954",0,0,"438,498","438,498",0,0,0,0,0,0,0,0,0,0,0,0,0,0,0,0
Montezuma Castle NM,"382,085","382,085","1,356","1,356","376,387","376,387","1,188","1,188",0,0,0,0,0,0,0,0,0,0,0,0,0,0
Moores Creek NB,"44,272","44,272",0,0,"27,672","27,672",0,0,0,0,0,0,0,0,0,0,0,0,0,0,0,0
Morristown NHP,"554,064","554,064",0,0,"385,325","385,325",0,0,0,0,0,0,0,0,0,0,0,0,0,0,0,0
Mount Rainier NP,"1,516,703","1,516,703","464,751","464,751","21,554,555","21,554,555","464,751","464,751","23,815","23,815",0,0,"28,113","28,113","37,887","37,887","36,931","36,931",6,6,861,861
Mount Rushmore NMEM,"1,245,425","1,245,425","397,332","397,332","1,639,802","1,639,802","132,442","132,442",0,0,0,0,0,0,0,0,0,0,0,0,0,0
Muir Woods NM,"1,227,241","1,227,241","6,000","6,000","1,636,317","1,636,317","8,004","8,004",0,0,0,0,0,0,0,0,0,0,0,0,0,0
Natchez Trace PKWY,"9,475,305","9,475,305","4,737,653","4,737,653","28,598,919","28,598,919","4,737,653","4,737,653",0,0,0,0,"4,164","4,164","10,253","10,253",0,0,0,0,0,0
Natural Bridges NM,"78,564","78,564","1,750","1,750","495,742","495,742","17,524","17,524",0,0,0,0,"3,075","3,075","4,525","4,525",0,0,482,482,488,488
Navajo NM,"41,341","41,341","49,804","49,804","209,037","209,037","12,523","12,523",0,0,0,0,"5,008","5,008","5,047","5,047",531,531,56,56,0,0
Nez Perce NHP,"162,688","162,688","17,497","17,497","349,303","349,303","1,746","1,746",0,0,0,0,0,0,0,0,0,0,0,0,0,0
North Cascades NP,"742,997","742,997","22,200","22,200","1,906,219","1,906,219","152,220","152,220","14,397","14,397",348,348,"23,775","23,775","46,950","46,950","33,510","33,510","3,047","3,047","4,186","4,186"
Ocmulgee Mounds NHP,"81,572","81,572",0,0,"40,785","40,785",0,0,0,0,0,0,0,0,0,0,0,0,0,0,0,0
Olympic NP,"2,078,843","2,078,843","510,577","510,577","10,823,633","10,823,633","577,987","577,987","49,272","49,272","10,000","10,000","118,208","118,208","149,675","149,675","72,376","72,376",0,0,"1,916","1,916"
Oregon Caves NM & PRES,"130,733","130,733",585,585,"434,130","434,130","1,408","1,408","3,220","3,220",0,0,0,0,0,0,0,0,30,30,0,0
Organ Pipe Cactus NM,"131,634","131,634","2,376","2,376","1,022,903","1,022,903","3,564","3,564",0,0,0,0,"3,952","3,952","52,687","52,687","1,998","1,998",0,0,"1,793","1,793"
Ozark NSR,"1,453,034","1,453,034","454,641","454,641","5,251,397","5,251,397","284,445","284,445","4,098","4,098",0,0,"105,980","105,980","70,832","70,832","50,809","50,809",0,0,"23,103","23,103"
Padre Island NS,"774,862","774,862","8,608","8,608","5,007,653","5,007,653","68,864","68,864",0,0,0,0,"9,142","9,142","20,649","20,649","1,380","1,380",165,165,"50,513","50,513"
Pea Ridge NMP,"94,197","94,197",0,0,"88,293","88,293",0,0,0,0,0,0,0,0,0,0,0,0,0,0,0,0
Pecos NHP,"51,476","51,476",0,0,"64,676","64,676",0,0,0,0,0,0,0,0,0,0,0,0,0,0,0,0
Perry's Victory & Intl. Peace MEM,"129,831","129,831",0,0,"114,684","114,684",0,0,0,0,0,0,0,0,0,0,0,0,0,0,0,0
Petersburg NB,"577,283","577,283",0,0,"692,738","692,738",0,0,0,0,0,0,0,0,0,0,0,0,0,0,0,0
Petrified Forest NP,"671,583","671,583","3,600","3,600","1,089,550","1,089,550","13,500","13,500",0,0,0,0,0,0,0,0,602,602,100,100,0,0
Pictured Rocks NL,"270,376","270,376","2,040","2,040","1,055,924","1,055,924",756,756,0,0,0,0,"8,096","8,096","5,187","5,187","8,854","8,854",0,0,538,538
Pinnacles NP,"153,717","153,717",0,0,"717,825","717,825",0,0,0,0,0,0,"5,970","5,970","2,369","2,369",0,0,0,0,67,67
Pipe Spring NM,"24,946","24,946",120,120,"26,259","26,259",120,120,0,0,0,0,0,0,0,0,0,0,0,0,0,0
Pipestone NM,"143,995","143,995",0,0,"86,398","86,398",0,0,0,0,0,0,0,0,0,0,0,0,0,0,0,0
Piscataway Park,"137,971","137,971",0,0,"246,115","246,115",0,0,0,0,0,0,0,0,0,0,0,0,0,0,0,0
Point Reyes NS,"1,489,135","1,489,135","25,788","25,788","6,164,315","6,164,315","25,788","25,788",0,0,0,0,0,0,0,0,"27,602","27,602",0,0,"4,367","4,367"
Prince William Forest Park,"499,209","499,209",480,480,"2,641,920","2,641,920",960,960,0,0,"23,953","23,953","18,194","18,194","3,951","3,951",746,746,0,0,"41,143","41,143"
Pu'uhonua o Honaunau NHP,"409,436","409,436",0,0,"409,436","409,436",0,0,0,0,0,0,0,0,0,0,0,0,0,0,419,419
Pu'ukohola Heiau NHS,"21,737","21,737",0,0,"10,871","10,871",0,0,0,0,0,0,0,0,0,0,0,0,0,0,0,0
Rainbow Bridge NM,"97,066","97,066",0,0,"145,600","145,600",0,0,0,0,0,0,0,0,0,0,0,0,0,0,0,0
Redwood NP,"413,917","413,917","66,446","66,446","443,994","443,994","16,612","16,612",0,0,0,0,"1,501","1,501",0,0,"1,894","1,894",0,0,"5,262","5,262"
Richmond NBP,"265,793","265,793","66,100","66,100","156,807","156,807","11,544","11,544",0,0,0,0,0,0,0,0,0,0,0,0,0,0
Rock Creek Park,"1,156,593","1,156,593","14,846,137","14,846,137","1,804,752","1,804,752","3,711,535","3,711,535",0,0,0,0,0,0,0,0,0,0,0,0,0,0
Rocky Mountain NP,"2,568,530","2,568,530","11,456","11,456","19,928,904","19,928,904","34,368","34,368",0,0,0,0,"138,381","138,381","170,300","170,300","56,560","56,560",0,0,"11,236","11,236"
Roger Williams NMEM,"27,788","27,788",170,170,"63,857","63,857",16,16,0,0,0,0,0,0,0,0,0,0,0,0,0,0
Russell Cave NM,"18,526","18,526",746,746,"22,434","22,434",246,246,0,0,0,0,0,0,0,0,0,0,0,0,0,0
Sagamore Hill NHS,"167,509","167,509",0,0,"335,018","335,018",0,0,0,0,0,0,0,0,0,0,0,0,0,0,0,0
Saguaro NP,"566,486","566,486",0,0,"821,867","821,867",0,0,0,0,0,0,0,0,0,0,"3,622","3,622",0,0,0,0
Saint Croix NSR,"391,683","391,683","22,782","22,782","3,928,678","3,928,678","45,584","45,584",0,0,0,0,0,0,0,0,"7,606","7,606","61,304","61,304",0,0
Saint-Gaudens NHP,"31,800","31,800",0,0,"52,552","52,552",0,0,0,0,0,0,0,0,0,0,0,0,0,0,0,0
Salem Maritime NHS,"431,799","431,799","22,746","22,746","755,835","755,835","5,685","5,685",0,0,0,0,0,0,0,0,0,0,0,0,0,0
Salinas Pueblo Missions NM,"26,728","26,728",0,0,"51,338","51,338",0,0,0,0,0,0,0,0,0,0,0,0,0,0,95,95
San Juan Island NHP,"92,481","92,481",0,0,"74,258","74,258",0,0,0,0,0,0,0,0,0,0,0,0,0,0,0,0
San Juan NHS,"1,458,778","1,458,778",0,0,"1,513,822","1,513,822",0,0,0,0,0,0,0,0,0,0,0,0,0,0,0,0
Saratoga NHP,"97,241","97,241","132,672","132,672","150,463","150,463","7,865","7,865",0,0,0,0,0,0,0,0,0,0,0,0,0,0
Saugus Iron Works NHS,"32,803","32,803","21,430","21,430","49,255","49,255","22,228","22,228",0,0,0,0,0,0,0,0,0,0,0,0,0,0
Scotts Bluff NM,"173,291","173,291",0,0,"73,136","73,136",0,0,0,0,0,0,0,0,0,0,0,0,0,0,0,0
Sequoia NP,"799,576","799,576",374,374,"26,347,817","26,347,817","1,496","1,496","85,622","85,622",0,0,"118,332","118,332","92,107","92,107","75,002","75,002",0,0,0,0
Shenandoah NP,"1,521,451","1,521,451","104,271","104,271","12,564,070","12,564,070","26,069","26,069","111,258","111,258",0,0,"140,955","140,955","107,016","107,016","62,831","62,831",0,0,"12,727","12,727"
Shiloh NMP,"318,934","318,934","253,583","253,583","713,017","713,017","50,713","50,713",0,0,0,0,0,0,0,0,0,0,0,0,"11,101","11,101"
Sitka NHP,"69,189","69,189","2,947","2,947","38,723","38,723","2,947","2,947",0,0,0,0,0,0,0,0,0,0,0,0,0,0
Sleeping Bear Dunes NL,"733,463","733,463",0,0,"2,933,852","2,933,852",0,0,0,0,0,0,"22,713","22,713","23,412","23,412","6,803","6,803",0,0,"3,006","3,006"
Springfield Armory NHS,"15,607","15,607",0,0,"2,896","2,896",0,0,0,0,0,0,0,0,0,0,0,0,0,0,0,0
Statue of Liberty NM,"1,661,432","1,661,432",0,0,"2,161,329","2,161,329",0,0,0,0,0,0,0,0,0,0,0,0,0,0,0,0
Stones River NB,"122,049","122,049",960,960,"89,113","89,113",304,304,0,0,0,0,0,0,0,0,0,0,0,0,77,77
Sunset Crater Volcano NM,"308,723","308,723","10,191","10,191","366,724","366,724","3,397","3,397",0,0,0,0,"1,334","1,334","4,749","4,749",0,0,0,0,0,0
Theodore Roosevelt Birthplace NHS,"13,237","13,237",885,885,"13,237","13,237",157,157,0,0,0,0,0,0,0,0,0,0,0,0,0,0
Theodore Roosevelt Inaugural NHS,"15,888","15,888","4,093","4,093","7,946","7,946","8,186","8,186",0,0,0,0,0,0,0,0,0,0,0,0,0,0
Theodore Roosevelt Island,"72,458","72,458",0,0,"132,463","132,463",0,0,0,0,0,0,0,0,0,0,0,0,0,0,0,0
Theodore Roosevelt NP,"591,646","591,646","7,476","7,476","963,853","963,853","2,496","2,496",0,0,0,0,"15,924","15,924","15,422","15,422",624,624,0,0,0,0
Thomas Edison NHP,"52,999","52,999",0,0,"112,947","112,947",0,0,0,0,0,0,0,0,0,0,0,0,0,0,0,0
Thomas Jefferson MEM,"2,328,095","2,328,095",0,0,"388,012","388,012",0,0,0,0,0,0,0,0,0,0,0,0,0,0,0,0
Timpanogos Cave NM,"125,080","125,080",0,0,"287,298","287,298",0,0,0,0,0,0,0,0,0,0,0,0,0,0,0,0
Tonto NM,"69,847","69,847",0,0,"89,541","89,541",0,0,0,0,0,0,0,0,0,0,0,0,0,0,0,0
Tumacacori NHP,"59,013","59,013",0,0,"39,175","39,175",0,0,0,0,0,0,0,0,0,0,0,0,0,0,0,0
Tuskegee Institute NHS,"18,913","18,913",0,0,"11,777","11,777",0,0,0,0,0,0,0,0,0,0,0,0,0,0,0,0
Tuzigoot NM,"68,733","68,733","3,032","3,032","51,550","51,550",752,752,0,0,0,0,0,0,0,0,0,0,0,0,0,0
Valley Forge NHP,"3,107,420","3,107,420","8,296,910","8,296,910","1,620,942","1,620,942","829,692","829,692",0,0,0,0,0,0,0,0,0,0,0,0,0,0
Vanderbilt Mansion NHS,"335,275","335,275",0,0,"581,384","581,384",0,0,0,0,0,0,0,0,0,0,0,0,33,33,0,0
Vicksburg NMP,"633,951","633,951","337,264","337,264","639,755","639,755","120,415","120,415",0,0,0,0,0,0,0,0,0,0,0,0,0,0
Virgin Islands NP,"549,732","549,732","185,194","185,194","4,336,053","4,336,053","179,938","179,938","29,130","29,130","47,095","47,095",0,0,0,0,"1,224","1,224","7,042","7,042","58,895","58,895"
Voyageurs NP,"195,277","195,277","6,129","6,129","1,208,765","1,208,765","145,932","145,932","10,356","10,356",133,133,"24,686","24,686",0,0,"11,576","11,576","6,129","6,129","21,227","21,227"
Walnut Canyon NM,"69,729","69,729",856,856,"87,510","87,510",428,428,0,0,0,0,0,0,0,0,0,0,0,0,0,0
Washington Monument,"1,304,790","1,304,790",0,0,"381,242","381,242",0,0,0,0,0,0,0,0,0,0,0,0,0,0,0,0
Whiskeytown NRA,"1,162,390","1,162,390","9,053","9,053","5,215,769","5,215,769","10,565","10,565",0,0,0,0,"32,718","32,718","40,531","40,531","1,860","1,860",0,0,"14,771","14,771"
White House,"1,313,017","1,313,017",0,0,"656,509","656,509",0,0,0,0,0,0,0,0,0,0,0,0,0,0,0,0
White Sands NP,"580,814","580,814","5,089","5,089","721,028","721,028","11,246","11,246",0,0,0,0,0,0,0,0,621,621,0,0,0,0
Whitman Mission NHS,"118,136","118,136","1,835","1,835","177,205","177,205",916,916,0,0,0,0,0,0,0,0,0,0,0,0,0,0
William Howard Taft NHS,"4,410","4,410",772,772,"2,204","2,204",201,201,0,0,0,0,0,0,0,0,0,0,0,0,0,0
Wilson's Creek NB,"80,559","80,559",0,0,"111,683","111,683",0,0,0,0,0,0,0,0,0,0,0,0,0,0,0,0
Wind Cave NP,"457,443","457,443","494,352","494,352","605,889","605,889","164,634","164,634",0,0,0,0,"6,814","6,814","4,750","4,750",0,0,0,0,0,0
Wolf Trap NP for the Performing Arts,"589,016","589,016",0,0,"2,506,867","2,506,867",0,0,0,0,0,0,0,0,0,0,0,0,0,0,0,0
Wright Brothers NMEM,"396,322","396,322","2,184","2,184","324,134","324,134","1,083","1,083",0,0,0,0,0,0,0,0,0,0,0,0,0,0
Wupatki NM,"186,875","186,875","4,626","4,626","207,981","207,981","6,210","6,210",0,0,0,0,0,0,0,0,142,142,0,0,0,0
Yellowstone NP,"1,892,908","1,892,908","2,261","2,261","51,909,649","51,909,649","18,088","18,088","537,607","537,607","102,910","102,910","219,297","219,297","358,266","358,266","46,142","46,142",0,0,"10,199","10,199"
Yosemite NP,"2,350,782","2,350,782","90,603","90,603","63,510,069","63,510,069","2,350,087","2,350,087","881,342","881,342",0,0,"282,075","282,075","273,374","273,374","72,901","72,901",0,0,0,0
Zion NP,"1,040,528","1,040,528","105,015","105,015","7,711,052","7,711,052","105,015","105,015","41,562","41,562",0,0,"69,712","69,712","95,746","95,746","8,964","8,964",0,0,"10,492","10,492"
